PRAGMA foreign_keys=OFF;
BEGIN TRANSACTION;
CREATE TABLE subject (
	id INTEGER NOT NULL, 
	name VARCHAR(100) NOT NULL, 
	education_level VARCHAR(50) NOT NULL, 
	PRIMARY KEY (id)
);
INSERT INTO subject VALUES(1,'Mathematics','Lower Primary');
INSERT INTO subject VALUES(2,'English','Lower Primary');
INSERT INTO subject VALUES(3,'Kiswahili','Lower Primary');
INSERT INTO subject VALUES(4,'Integrated Science and Health Education','Lower Primary');
INSERT INTO subject VALUES(5,'Agriculture','Lower Primary');
INSERT INTO subject VALUES(6,'Pre-Technical Studies','Lower Primary');
INSERT INTO subject VALUES(7,'Visual Arts','Lower Primary');
INSERT INTO subject VALUES(8,'Religious Education','Lower Primary');
INSERT INTO subject VALUES(9,'Social Studies','Lower Primary');
INSERT INTO subject VALUES(10,'agriculture','junior_secondary');
CREATE TABLE grade (
	id INTEGER NOT NULL, 
	level VARCHAR(50) NOT NULL, 
	PRIMARY KEY (id), 
	UNIQUE (level)
);
INSERT INTO grade VALUES(4,'Grade 9');
CREATE TABLE term (
	id INTEGER NOT NULL, 
	name VARCHAR(50) NOT NULL, 
	PRIMARY KEY (id)
);
INSERT INTO term VALUES(1,'term 1');
CREATE TABLE assessment_type (
	id INTEGER NOT NULL, 
	name VARCHAR(50) NOT NULL, 
	PRIMARY KEY (id)
);
INSERT INTO assessment_type VALUES(1,'opener term assessment');
CREATE TABLE stream (
	id INTEGER NOT NULL, 
	name VARCHAR(50) NOT NULL, 
	grade_id INTEGER NOT NULL, 
	PRIMARY KEY (id), 
	FOREIGN KEY(grade_id) REFERENCES grade (id)
);
INSERT INTO stream VALUES(1,'B',4);
CREATE TABLE teacher (
	id INTEGER NOT NULL, 
	username VARCHAR(50) NOT NULL, 
	password VARCHAR(100) NOT NULL, 
	role VARCHAR(20) NOT NULL, 
	stream_id INTEGER, 
	PRIMARY KEY (id), 
	UNIQUE (username), 
	FOREIGN KEY(stream_id) REFERENCES stream (id)
);
INSERT INTO teacher VALUES(1,'admin','admin123','classteacher',NULL);
INSERT INTO teacher VALUES(2,'headteacher','head123','headteacher',NULL);
INSERT INTO teacher VALUES(3,'teacher','teach123','teacher',NULL);
CREATE TABLE student (
	id INTEGER NOT NULL, 
	name VARCHAR(100) NOT NULL, 
	admission_number VARCHAR(50) NOT NULL, 
	stream_id INTEGER, 
	created_at DATETIME NOT NULL, 
	PRIMARY KEY (id), 
	UNIQUE (admission_number), 
	FOREIGN KEY(stream_id) REFERENCES stream (id)
);
INSERT INTO student VALUES(1,'ABIGAEL GAKENIA RWAMBA','HSG4001',1,'2025-04-20 00:30:39');
INSERT INTO student VALUES(2,'ADAU GAI ALONY','HSG4002',1,'2025-04-20 00:30:39');
INSERT INTO student VALUES(3,'ALLAN CHEGE NJOROGE','HSG4003',1,'2025-04-20 00:30:39');
INSERT INTO student VALUES(4,'ALPHA ALBERT MUIA','HSG4004',1,'2025-04-20 00:30:39');
INSERT INTO student VALUES(5,'ANGEL MAKENA KARIUKI','HSG4005',1,'2025-04-20 00:30:39');
INSERT INTO student VALUES(6,'ANGEL WANGECHI WAMBUI','HSG4006',1,'2025-04-20 00:30:39');
INSERT INTO student VALUES(7,'ANGELA MUTHONI WANGUI','HSG4007',1,'2025-04-20 00:30:39');
INSERT INTO student VALUES(8,'ANTONIETT NYAKIO MACHARIA','HSG4008',1,'2025-04-20 00:30:39');
INSERT INTO student VALUES(9,'ANTONY KARIA WANJOHI','HSG4009',1,'2025-04-20 00:30:39');
INSERT INTO student VALUES(10,'ASHLEY AMING''A GECHANGA','HSG4010',1,'2025-04-20 00:30:39');
INSERT INTO student VALUES(11,'BARNABAS MASAU MUTHOKA','HSG4011',1,'2025-04-20 00:30:39');
INSERT INTO student VALUES(12,'CELINE KENDI MURIITHI','HSG4012',1,'2025-04-20 00:30:39');
INSERT INTO student VALUES(13,'CHRIS KINYANJUI NJOROGE','HSG4013',1,'2025-04-20 00:30:39');
INSERT INTO student VALUES(14,'DAVID MUUWO MUSEMBI','HSG4014',1,'2025-04-20 00:30:39');
INSERT INTO student VALUES(15,'ETHAN ANDERSON NJOROGE','HSG4015',1,'2025-04-20 00:30:39');
INSERT INTO student VALUES(16,'HOPE NJAMBI KAMAU','HSG4016',1,'2025-04-20 00:30:39');
INSERT INTO student VALUES(17,'JASMINE W KAGAI','HSG4017',1,'2025-04-20 00:30:39');
INSERT INTO student VALUES(18,'LEE KARIKO THAIRU','HSG4018',1,'2025-04-20 00:30:39');
INSERT INTO student VALUES(19,'LENNY MARK MUIYA IRUNGU','HSG4019',1,'2025-04-20 00:30:39');
INSERT INTO student VALUES(20,'LORENZO MOHAGACHI WEREMA','HSG4020',1,'2025-04-20 00:30:39');
INSERT INTO student VALUES(21,'LYNN SHELMITH NYAKION','HSG4021',1,'2025-04-20 00:30:39');
INSERT INTO student VALUES(22,'MARYANN WAITHIRA WAITHAKA','HSG4022',1,'2025-04-20 00:30:39');
INSERT INTO student VALUES(23,'MITCHEL WAMUYU GITHINJI','HSG4023',1,'2025-04-20 00:30:39');
INSERT INTO student VALUES(24,'NATHANIEL GATHUKU','HSG4024',1,'2025-04-20 00:30:39');
INSERT INTO student VALUES(25,'NOREEN ALICE WAMBUI','HSG4025',1,'2025-04-20 00:30:39');
INSERT INTO student VALUES(26,'PRECIOUS NYAMBURA NG''ANG''A','HSG4026',1,'2025-04-20 00:30:39');
INSERT INTO student VALUES(27,'TRAVIS KUIRA NGARI','HSG4027',1,'2025-04-20 00:30:39');
INSERT INTO student VALUES(28,'PRECIOUS WAHITO MIRIGO','HSG4028',1,'2025-04-20 00:30:39');
INSERT INTO student VALUES(29,'QUEEN LATIFA CHENGECHA','HSG4029',1,'2025-04-20 00:30:39');
INSERT INTO student VALUES(30,'YANNIS CHUMAH KARIUKI','HSG4030',1,'2025-04-20 00:30:39');
INSERT INTO student VALUES(31,'XAVIER MUYA KIRANGI','HSG4031',1,'2025-04-20 00:30:39');
INSERT INTO student VALUES(32,'TERRENCE KIAMA GICHUKI','HSG4032',1,'2025-04-20 00:30:39');
CREATE TABLE teacher_subjects (
	teacher_id INTEGER NOT NULL, 
	subject_id INTEGER NOT NULL, 
	PRIMARY KEY (teacher_id, subject_id), 
	FOREIGN KEY(teacher_id) REFERENCES teacher (id), 
	FOREIGN KEY(subject_id) REFERENCES subject (id)
);
CREATE TABLE mark (
	id INTEGER NOT NULL, 
	student_id INTEGER NOT NULL, 
	subject_id INTEGER NOT NULL, 
	term_id INTEGER NOT NULL, 
	assessment_type_id INTEGER NOT NULL, 
	mark FLOAT NOT NULL, 
	total_marks INTEGER NOT NULL, 
	created_at DATETIME NOT NULL, 
	PRIMARY KEY (id), 
	FOREIGN KEY(student_id) REFERENCES student (id), 
	FOREIGN KEY(subject_id) REFERENCES subject (id), 
	FOREIGN KEY(term_id) REFERENCES term (id), 
	FOREIGN KEY(assessment_type_id) REFERENCES assessment_type (id)
);
INSERT INTO mark VALUES(1,1,6,1,1,3.0,50,'2025-04-20 00:35:19');
INSERT INTO mark VALUES(2,2,6,1,1,33.0,50,'2025-04-20 00:35:19');
INSERT INTO mark VALUES(3,3,6,1,1,44.0,50,'2025-04-20 00:35:19');
INSERT INTO mark VALUES(4,4,6,1,1,10.0,50,'2025-04-20 00:35:19');
INSERT INTO mark VALUES(5,5,6,1,1,15.0,50,'2025-04-20 00:35:19');
INSERT INTO mark VALUES(6,6,6,1,1,26.0,50,'2025-04-20 00:35:19');
INSERT INTO mark VALUES(7,7,6,1,1,32.0,50,'2025-04-20 00:35:19');
INSERT INTO mark VALUES(8,8,6,1,1,48.0,50,'2025-04-20 00:35:19');
INSERT INTO mark VALUES(9,9,6,1,1,20.0,50,'2025-04-20 00:35:19');
INSERT INTO mark VALUES(10,10,6,1,1,0.0,50,'2025-04-20 00:35:19');
INSERT INTO mark VALUES(11,11,6,1,1,44.0,50,'2025-04-20 00:35:19');
INSERT INTO mark VALUES(12,12,6,1,1,21.0,50,'2025-04-20 00:35:19');
INSERT INTO mark VALUES(13,13,6,1,1,29.0,50,'2025-04-20 00:35:19');
INSERT INTO mark VALUES(14,14,6,1,1,48.0,50,'2025-04-20 00:35:19');
INSERT INTO mark VALUES(15,15,6,1,1,11.0,50,'2025-04-20 00:35:19');
INSERT INTO mark VALUES(16,16,6,1,1,25.0,50,'2025-04-20 00:35:19');
INSERT INTO mark VALUES(17,17,6,1,1,17.0,50,'2025-04-20 00:35:19');
INSERT INTO mark VALUES(18,18,6,1,1,36.0,50,'2025-04-20 00:35:19');
INSERT INTO mark VALUES(19,19,6,1,1,24.0,50,'2025-04-20 00:35:19');
INSERT INTO mark VALUES(20,20,6,1,1,46.0,50,'2025-04-20 00:35:19');
INSERT INTO mark VALUES(21,21,6,1,1,37.0,50,'2025-04-20 00:35:19');
INSERT INTO mark VALUES(22,22,6,1,1,32.0,50,'2025-04-20 00:35:19');
INSERT INTO mark VALUES(23,23,6,1,1,22.0,50,'2025-04-20 00:35:19');
INSERT INTO mark VALUES(24,24,6,1,1,41.0,50,'2025-04-20 00:35:19');
INSERT INTO mark VALUES(25,25,6,1,1,33.0,50,'2025-04-20 00:35:19');
INSERT INTO mark VALUES(26,26,6,1,1,23.0,50,'2025-04-20 00:35:19');
INSERT INTO mark VALUES(27,27,6,1,1,15.0,50,'2025-04-20 00:35:19');
INSERT INTO mark VALUES(28,28,6,1,1,4.0,50,'2025-04-20 00:35:19');
INSERT INTO mark VALUES(29,29,6,1,1,15.0,50,'2025-04-20 00:35:19');
INSERT INTO mark VALUES(30,30,6,1,1,29.0,50,'2025-04-20 00:35:19');
INSERT INTO mark VALUES(31,31,6,1,1,20.0,50,'2025-04-20 00:35:19');
INSERT INTO mark VALUES(32,32,6,1,1,20.0,50,'2025-04-20 00:35:19');
COMMIT;
